{
    "data": [{
            "id": "1",
            "question": "What does HTML stand for?",
            "options": [
                "Hyper Text Markup Language",
                "Home Tool Markup Language",
                "Hyperlinks and Text Markup Language",
                "Hyperlinks and Text Markup Language1"
            ],
            "answer": "Hyper Text Markup Language"
        },
        {
            "id": "2",
            "question": "Inside which HTML element do we put the JavaScript?",
            "options": [
                "Javascript",
                "js",
                "script",
                "scripting"
            ],
            "answer": "Hyper Text Markup Language"
        },
        {
            "id": "3",
            "question": "Inside which HTML element do we put the AJAX?",
            "options": [
                "Javascript",
                "js",
                "script",
                "scripting"
            ],
            "answer": "Hyper Text Markup Language"
        }

    ]
}